comparison_case_id,material_group,material_id,material_name,supplier_id,supplier_name,supplier_country,sourcing_status,annual_volume_kg,price_eur_per_kg,currency,annual_spend_eur,technical_approval_status,technically_eligible,pcf_kgco2e_per_kg,pcf_data_type,pcf_reference_year,pcf_data_quality_tier,has_pcf_data,annual_co2e_kg,cost_delta_vs_baseline_eur,cost_delta_pct_vs_baseline,co2e_delta_vs_baseline_kg,co2e_delta_pct_vs_baseline,physical_form,purity_pct,boiling_point_c,viscosity_cst,density_g_cm3,active_content_pct,ph_value
CASE-A,Base Oils,BO-1001,Base Oil Group II 150N Viscosity Grade,SUP-101,NordPetrol Refining GmbH,Germany,Current,200000,1.2,EUR,240000.0,Approved,True,0.85,Supplier-specific (primary),2023.0,High confidence,True,170000.0,0.0,0.0,0.0,0.0,Liquid,,,32.1,0.868,,
CASE-A,Base Oils,BO-1002,Base Oil Group II 150N Viscosity Grade,SUP-102,Iberia Base Oils S.L.,Spain,Alternative,200000,1.05,EUR,210000.0,Approved,True,0.68,Supplier-specific (primary),2023.0,High confidence,True,136000.0,-30000.0,-12.5,-34000.0,-20.0,Liquid,,,31.8,0.865,,
CASE-A,Base Oils,BO-1003,Base Oil Group II 150N Viscosity Grade,SUP-103,Baltic Petrochemical Works,Poland,Alternative,200000,1.15,EUR,230000.0,Approved,True,0.95,Supplier-specific (primary),2023.0,High confidence,True,190000.0,-10000.0,-4.2,20000.0,11.8,Liquid,,,32.4,0.87,,
CASE-A,Base Oils,BO-1004,Base Oil Group II 150N Viscosity Grade,SUP-104,Nordic Hydrotreated Oils AB,Sweden,Alternative,200000,1.3,EUR,260000.0,Approved,True,0.55,Supplier-specific (primary),2023.0,High confidence,True,110000.0,20000.0,8.3,-60000.0,-35.3,Liquid,,,31.9,0.864,,
CASE-A,Base Oils,BO-1005,Base Oil Group II 150N Viscosity Grade,SUP-105,Atlas Lubricant Solutions,France,Alternative,200000,1.25,EUR,250000.0,Approved,True,0.9,Supplier-specific (primary),2023.0,High confidence,True,180000.0,10000.0,4.2,10000.0,5.9,Liquid,,,32.6,0.871,,
CASE-B,Solvents,SV-2001,Isopropanol (IPA) Technical Grade 99.8%,SUP-201,Rhine Solvent Works GmbH,Germany,Current,80000,1.1,EUR,88000.0,Approved,True,1.4,Supplier-specific (primary),2023.0,High confidence,True,112000.0,0.0,0.0,0.0,0.0,Liquid,99.8,82.4,,,,
CASE-B,Solvents,SV-2002,Isopropanol (IPA) Technical Grade 99.5%,SUP-202,Danube Chemical Traders,Hungary,Alternative,80000,0.95,EUR,76000.0,Approved,True,1.75,Supplier-specific (primary),2023.0,High confidence,True,140000.0,-12000.0,-13.6,28000.0,25.0,Liquid,99.5,82.6,,,,
CASE-B,Solvents,SV-2003,Isopropanol (IPA) Bio-based Route 99.5%,SUP-203,Nordic BioSolvents AS,Norway,Alternative,80000,1.35,EUR,108000.0,Approved,True,0.9,Supplier-specific (primary),2023.0,High confidence,True,72000.0,20000.0,22.7,-40000.0,-35.7,Liquid,99.5,82.5,,,,
CASE-B,Solvents,SV-2004,Isopropanol (IPA) Technical Grade 99.7%,SUP-204,Atlantic Solvent Supply Ltd,Ireland,Alternative,80000,1.05,EUR,84000.0,Approved,True,1.55,Supplier-specific (primary),2023.0,High confidence,True,124000.0,-4000.0,-4.5,12000.0,10.7,Liquid,99.7,82.5,,,,
CASE-B,Solvents,SV-2005,Isopropanol (IPA) Reclaimed/Redistilled Grade 99.5%,SUP-205,Circular Solvents Recovery GmbH,Austria,Alternative,80000,1.18,EUR,94400.0,Approved,True,1.2,Supplier-specific (primary),2023.0,High confidence,True,96000.0,6400.0,7.3,-16000.0,-14.3,Liquid,99.5,82.6,,,,
CASE-C,Surfactants,SF-3001,Fatty Alcohol Ethoxylate (Nonionic) C12-14 7EO,SUP-301,Continental Surfactants BV,Netherlands,Current,60000,2.4,EUR,144000.0,Approved,True,2.1,Supplier-specific (primary),2023.0,High confidence,True,126000.0,0.0,0.0,0.0,0.0,Liquid,,,,,90.0,6.5
CASE-C,Surfactants,SF-3002,Fatty Alcohol Ethoxylate (Nonionic) C12-14 8EO Bio-based Feedstock,SUP-302,Meridian Green Chemicals,Italy,Alternative,60000,2.55,EUR,153000.0,Approved,True,0.95,Industry-average (secondary),2019.0,Low confidence,True,57000.0,9000.0,6.2,-69000.0,-54.8,Liquid,,,,,90.0,6.8
CASE-C,Surfactants,SF-3003,Fatty Alcohol Ethoxylate (Nonionic) C12-14 6EO,SUP-303,Pannonia Chemical Supply,Hungary,Alternative,60000,2.2,EUR,132000.0,Approved,True,,,,No data,False,,-12000.0,-8.3,,,Liquid,,,,,88.0,6.6
CASE-C,Surfactants,SF-3004,Fatty Alcohol Ethoxylate (Nonionic) C12-14 7EO Alternative Supplier,SUP-304,Baltic Biosurfactants Oy,Finland,Alternative,60000,2.65,EUR,159000.0,Approved,True,1.6,Supplier-specific (primary),2023.0,High confidence,True,96000.0,15000.0,10.4,-30000.0,-23.8,Liquid,,,,,91.0,6.4
CASE-C,Surfactants,SF-3005,Fatty Alcohol Ethoxylate (Nonionic) C12-14 9EO,SUP-305,Iberia Specialty Surfactants SA,Spain,Alternative,60000,2.35,EUR,141000.0,Approved,True,2.25,Supplier-specific (primary),2023.0,High confidence,True,135000.0,-3000.0,-2.1,9000.0,7.1,Liquid,,,,,89.5,6.7
CASE-D,Polymer Additives,PA-4001,Antioxidant Additive Package AO-1,SUP-401,Rhein Polymer Additives GmbH,Germany,Current,40000,4.2,EUR,168000.0,Approved,True,1.8,Supplier-specific (primary),2023.0,High confidence,True,72000.0,0.0,0.0,0.0,0.0,Liquid Blend,,,120.0,0.98,,
CASE-D,Polymer Additives,PA-4002,Antioxidant Additive Package AO-2 (New Chemistry),SUP-402,Meridian Polymer Innovations Srl,Italy,Alternative,40000,3.6,EUR,144000.0,Not Approved,False,1.1,Supplier-specific (primary),2023.0,High confidence,True,44000.0,-24000.0,-14.3,-28000.0,-38.9,Liquid Blend,,,95.0,0.95,,
CASE-D,Polymer Additives,PA-4003,Antioxidant Additive Package AO-1 Alt Source,SUP-403,Baltic Specialty Additives AB,Sweden,Alternative,40000,4.05,EUR,162000.0,Approved,True,1.7,Supplier-specific (primary),2023.0,High confidence,True,68000.0,-6000.0,-3.6,-4000.0,-5.6,Liquid Blend,,,115.0,0.97,,
CASE-D,Polymer Additives,PA-4004,Antioxidant Additive Package AO-3 (Next-Gen Blend),SUP-404,Atlas Polymer Chemicals Ltd,United Kingdom,Alternative,40000,3.9,EUR,156000.0,Under Qualification,False,1.5,Supplier-specific (primary),2023.0,High confidence,True,60000.0,-12000.0,-7.1,-12000.0,-16.7,Liquid Blend,,,105.0,0.96,,
CASE-D,Polymer Additives,PA-4005,Antioxidant Additive Package AO-1 Regional Source,SUP-405,Iberia Additive Solutions SA,Spain,Alternative,40000,4.35,EUR,174000.0,Approved,True,1.95,Supplier-specific (primary),2023.0,High confidence,True,78000.0,6000.0,3.6,6000.0,8.3,Liquid Blend,,,125.0,0.99,,
CASE-E,Resins / Binders,RB-5001,Acrylic Resin Dispersion 50% Solids,SUP-501,Rhine Resin Technologies GmbH,Germany,Current,100000,1.8,EUR,180000.0,Approved,True,1.25,Supplier-specific (primary),2023.0,High confidence,True,125000.0,0.0,0.0,0.0,0.0,Liquid (Aqueous Dispersion),,,350.0,1.03,,
CASE-E,Resins / Binders,RB-5002,Acrylic Resin Dispersion 50% Solids Alt Source,SUP-502,Danube Polymer Resins Kft,Hungary,Alternative,100000,1.75,EUR,175000.0,Approved,True,1.3,Supplier-specific (primary),2023.0,High confidence,True,130000.0,-5000.0,-2.8,5000.0,4.0,Liquid (Aqueous Dispersion),,,320.0,1.04,,
CASE-E,Resins / Binders,RB-5003,Acrylic Resin Dispersion 48% Solids,SUP-503,Baltic Binder Solutions AS,Estonia,Alternative,100000,1.85,EUR,185000.0,Approved,True,1.18,Supplier-specific (primary),2023.0,High confidence,True,118000.0,5000.0,2.8,-7000.0,-5.6,Liquid (Aqueous Dispersion),,,300.0,1.02,,
CASE-E,Resins / Binders,RB-5004,Acrylic Resin Dispersion 50% Solids Regional Source,SUP-504,Iberia Resin Systems SL,Spain,Alternative,100000,1.78,EUR,178000.0,Approved,True,1.22,Supplier-specific (primary),2023.0,High confidence,True,122000.0,-2000.0,-1.1,-3000.0,-2.4,Liquid (Aqueous Dispersion),,,340.0,1.03,,
CASE-E,Resins / Binders,RB-5005,Acrylic Resin Dispersion 52% Solids,SUP-505,Nordic Binder Chemicals AB,Sweden,Alternative,100000,1.82,EUR,182000.0,Approved,True,1.28,Supplier-specific (primary),2023.0,High confidence,True,128000.0,2000.0,1.1,3000.0,2.4,Liquid (Aqueous Dispersion),,,360.0,1.05,,
